trace,alg,qa,qb,qc,qd,sum,qa%,qb%,qc%,qd%,average rank,average req,,52111
wdev_0,LRU,1006,9842,41263,0,52111,0.019304945,0.188866074,0.79182898,0,13201.87525,13.90631537,0.25334143,
wdev_0,MT,5834,810,39,0,6683,0.872961245,0.121203053,0.005835703,0,3500.729463,93.13841089,0.067178321,
wdev_0,SS,4283,6302,13869,0,24454,0.175145171,0.25770835,0.567146479,0,10667.02282,28.36979635,0.204698103,
prxy_0,LRU,240,16648,54785,7810,79483,0.003019514,0.209453594,0.689266887,0.098260005,35288.31202,10.28050023,0.443973076,79483
prxy_0,MT,9138,370,3942,0,13450,0.679405204,0.027509294,0.293085502,0,14548.66743,36.47011152,0.183041247,
prxy_0,SS,9898,6939,39664,616,57117,0.173293415,0.121487473,0.694434231,0.01078488,28618.65767,13.46136877,0.360060109,